Location	Xcoord	Ycoord	Type	Soiltexture	Fysicalregion	Ecoregion
93	53841	216470	1	2	15	6
262	53751	216157	1	2	15	6
264	53894	216146	1	2	15	6
1806	37892	205578	1	2	15	6
2751	54133	216366	1	2	15	6
3766	38667	205336	1	2	15	6
3767	38582	205597	1	2	15	6
3769	38202	205547	1	2	15	6
5744	38116	205439	1	2	15	6
5756	38504	205097	1	2	15	6
5757	37996	205792	1	2	15	6
5771	23662	195978	1	2	15	6
573	77685	227527	2	2	15	6
1340	32957	202343	2	2	15	6
1341	33287	202452	2	2	15	6
1353	32956	202484	2	2	15	6
1357	32349	203959	2	2	15	6
1659	77034	227933	2	2	15	6
1666	79383	227778	2	1	49	9
1669	77640	228329	2	2	15	6
1671	78175	228584	2	2	15	6
1672	77028	227941	2	2	15	6
1723	26797	199503	2	2	15	6
2003	27875	200717	2	2	15	6
4718	23984	198297	2	2	15	6
4986	23185	197885	2	2	15	6
5738	53973	217630	2	2	15	6
5976	77881	227284	2	2	15	6
7707	55379	218541	2	2	15	6
7708	55440	218464	2	2	15	6
7709	55243	218558	2	2	15	6
7710	55302	218484	2	2	15	6
7711	55139	218468	2	2	15	6
7712	55099	218328	2	2	15	6
7713	54921	218343	2	2	15	6
10399	32415	204019	2	2	15	6
10612	33253	203328	2	2	15	6
10634	28110	200707	2	2	15	6
303	23666	199634	3	2	15	6
535	26564	201197	3	2	15	6
544	26683	200875	3	2	15	6
545	26432	200639	3	2	15	6
572	77335	227554	3	1	15	6
1354	33365	202816	3	2	15	6
1360	32283	204089	3	2	15	6
1361	32486	203672	3	2	15	6
1394	26418	199310	3	2	15	6
1648	78616	228051	3	2	15	6
1654	77844	228145	3	2	15	6
1657	78202	228291	3	2	15	6
1675	77573	227910	3	1	15	6
1678	78235	228316	3	2	15	6
1887	22993	198806	3	2	15	6
1892	23436	199686	3	2	15	6
1999	28595	201274	3	2	15	6
2000	28707	201026	3	2	15	6
4722	24087	198590	3	2	15	6
4731	24097	198425	3	2	15	6
4733	23967	198392	3	2	15	6
4737	23532	198345	3	2	15	6
4739	23258	199248	3	2	15	6
4745	23518	199550	3	2	15	6
4748	23953	199593	3	2	15	6
4787	24088	198240	3	2	15	6
4794	23735	198426	3	2	15	6
5964	26022	200670	3	2	15	6
6057	24272	198325	3	2	15	6
6060	23911	198176	3	2	15	6
6946	26628	199414	3	2	15	6
10217	33108	202708	3	2	15	6
10218	33186	202864	3	2	15	6
184	32507	204174	4	2	15	6
304	22967	198409	4	2	15	6
591	22908	198998	4	2	15	6
1359	32668	203583	4	2	15	6
1668	77484	227998	4	2	15	6
3853	33471	204409	4	2	15	6
3859	33088	204242	4	2	15	6
4719	23211	199078	4	2	15	6
4723	23096	199184	4	2	15	6
4757	22509	198809	4	2	15	6
4776	22617	198715	4	2	15	6
4777	22847	198736	4	2	15	6
5899	23474	199349	4	2	15	6
5955	34664	204521	4	2	15	6
6540	76995	227694	4	1	15	6
6828	23482	199360	4	2	15	6
60	206444	211899	5	2	8	3
65	206552	212168	5	2	8	3
66	206550	212169	5	2	8	3
78	206473	212059	5	2	8	3
139	194349	224785	5	3	10	3
171	194984	225555	5	2	10	3
173	238158	190512	5	2	47	3
321	206335	212060	5	2	8	3
658	196063	225891	5	2	10	3
2824	155350	230813	5	2	37	3
3018	195718	225422	5	2	10	3
3441	78136	197314	5	1	32	1
3442	78176	197348	5	1	32	1
3554	78179	197300	5	1	32	1
3556	78188	197254	5	2	32	1
3559	78197	197331	5	1	32	1
3566	78214	197358	5	1	32	1
3795	185745	210526	5	2	8	3
3796	185746	210504	5	2	8	3
3826	189140	229104	5	2	10	3
3838	188901	228115	5	2	10	3
4436	205816	220162	5	3	38	3
4438	216821	198634	5	2	38	3
4454	215310	208643	5	2	11	3
4455	215306	208604	5	2	11	3
4587	205055	220052	5	3	11	3
4996	239081	181307	5	2	11	3
5003	238747	180060	5	2	11	3
5007	238650	180342	5	2	11	3
5087	238790	180322	5	2	11	3
5127	196030	193359	5	2	13	3
5187	194789	225592	5	2	10	3
5276	206465	212275	5	2	38	3
5277	205688	211963	5	2	8	3
5278	205464	211483	5	2	8	3
5309	195606	225804	5	2	10	3
5404	239204	181332	5	2	11	3
5434	205438	211876	5	2	8	3
5579	223787	217925	5	2	11	3
5684	206473	212155	5	2	8	3
5685	206477	212094	5	2	8	3
6320	196305	192584	5	2	26	3
6751	205817	220160	5	3	38	3
6786	226190	183227	5	2	31	3
6848	238643	180318	5	2	11	3
7728	242531	196429	5	2	38	3
8136	220110	198031	5	2	11	3
8138	194342	225519	5	2	10	3
8139	194753	225596	5	2	10	3
8290	195702	225423	5	2	10	3
8501	190461	227032	5	2	10	3
8685	153881	233802	5	2	10	3
8686	154210	234773	5	2	10	3
8838	194320	224743	5	3	10	3
9976	154423	234049	5	2	10	3
10060	153253	233640	5	2	10	3
10435	196003	226125	5	2	10	3
10441	196153	225616	5	2	21	3
10442	196077	225603	5	2	10	3
10444	196036	225760	5	2	10	3
10449	195722	226255	5	2	10	3
10451	195926	226322	5	2	21	3
10454	194460	225517	5	2	10	3
10621	220114	197295	5	2	11	3
10623	225036	188792	5	3	11	3
10751	240276	180750	5	2	11	3
242	194290	203805	6	3	8	3
496	179357	179385	6	1	9	7
498	177412	180150	6	3	28	7
654	168836	166696	6	1	23	11
655	168983	166783	6	1	23	11
718	128839	199247	6	1	24	9
931	133268	174873	6	1	25	12
1041	198484	189809	6	3	26	3
1287	193830	202927	6	2	26	3
2050	202886	192471	6	3	26	3
2573	192711	188697	6	1	26	3
2692	182898	169257	6	1	9	11
2801	169359	167629	6	1	23	11
2804	169294	167490	6	1	23	11
2805	169297	167489	6	1	23	11
2821	169638	166609	6	1	23	11
2983	188176	187414	6	1	9	11
2987	187677	187159	6	1	9	11
2990	187689	187117	6	1	9	11
3081	189353	187859	6	1	9	11
3093	189341	187935	6	1	9	11
3132	217918	175452	6	1	12	11
3133	217913	175494	6	1	12	11
3213	229074	163350	6	1	12	4
3931	192877	189328	6	1	26	3
3932	192873	189251	6	1	26	3
3933	192870	189185	6	1	26	3
3934	192861	189089	6	1	26	3
3948	192863	189223	6	1	26	3
3964	251596	206494	6	2	14	2
4275	179864	185196	6	1	9	11
4276	179831	185255	6	1	9	11
4290	179699	185122	6	1	9	11
4292	179730	185026	6	1	9	11
4294	179783	185162	6	1	9	11
4442	128351	177405	6	1	25	12
5096	251383	206383	6	2	14	2
5188	105076	164166	6	1	30	12
5189	105114	164125	6	1	30	12
5212	104973	163991	6	1	30	12
5251	154729	191715	6	1	28	8
5274	184647	194433	6	2	26	3
5567	178469	180313	6	1	28	7
5573	154729	191719	6	1	28	8
5653	206573	189182	6	3	26	3
5687	191421	198803	6	2	8	3
5693	123572	159999	6	1	25	12
6129	192868	189134	6	1	26	3
6143	188241	187258	6	1	9	11
6150	189369	187751	6	1	9	11
6152	189378	187703	6	1	9	11
6285	145593	203147	6	1	33	9
6348	206584	204557	6	2	8	3
7694	191535	198711	6	2	8	3
7724	206579	189184	6	3	26	3
7725	206585	189185	6	3	26	3
7726	206596	189187	6	3	26	3
7923	129144	176660	6	2	25	12
8045	175162	201175	6	1	8	3
8046	175154	201193	6	1	8	3
8047	175116	201300	6	1	8	3
8771	175140	201232	6	1	8	3
9163	213330	160557	6	1	12	4
9164	213337	160580	6	1	12	4
9170	213202	160330	6	1	12	4
9171	213233	160406	6	1	12	4
9172	213299	160511	6	1	12	4
9519	182954	169413	6	1	9	11
9564	169614	169718	6	1	23	11
9756	162340	200716	6	2	34	1
9842	193871	202931	6	2	26	3
9844	193849	202927	6	2	26	3
9845	193494	202367	6	2	26	3
9846	193502	202356	6	2	26	3
9847	193536	202313	6	2	26	3
10666	202735	192560	6	3	26	3
10700	218033	175477	6	1	12	11
10701	218031	175576	6	1	12	11
175	215153	197166	7	3	11	3
310	221068	193429	7	2	11	3
648	220603	193284	7	3	11	3
649	222046	193723	7	2	11	3
3912	193204	189492	7	3	26	3
4144	193474	189465	7	2	26	3
4268	179853	184478	7	2	4	11
4270	180064	184778	7	3	9	11
4277	180031	184922	7	3	9	11
4515	214347	196972	7	3	26	3
4520	217477	198437	7	3	11	3
4521	217451	198476	7	3	11	3
4522	217382	198507	7	3	11	3
4525	217424	198368	7	3	11	3
4526	217388	198404	7	3	11	3
4527	217378	198459	7	3	11	3
4529	217267	198554	7	3	11	3
4530	217274	198514	7	3	11	3
4532	217266	198420	7	3	11	3
4533	217314	198386	7	3	11	3
4539	217068	198393	7	3	11	3
4541	216880	198530	7	3	11	3
4542	216900	198458	7	3	11	3
4543	216925	198379	7	3	11	3
4546	216589	198215	7	3	11	3
4547	216584	198269	7	3	11	3
4556	216591	198297	7	3	11	3
4563	216654	198233	7	3	11	3
4564	216650	198258	7	3	11	3
4565	216628	198327	7	3	11	3
4567	216823	198351	7	3	11	3
4568	216797	198362	7	3	11	3
4569	216823	198312	7	3	11	3
4570	216846	198285	7	3	11	3
4571	216835	198288	7	3	11	3
4572	216842	198278	7	3	11	3
4577	216947	198408	7	3	11	3
4857	217471	198388	7	3	11	3
4860	217154	198541	7	3	11	3
5157	218516	198682	7	2	38	3
5158	218514	198727	7	2	11	3
5460	214282	197080	7	3	26	3
5461	216463	198293	7	3	11	3
5477	217988	198743	7	3	11	3
6092	216639	198294	7	3	11	3
8025	184750	191415	7	2	26	1
8925	206588	204236	7	3	8	3
8927	206646	204217	7	3	8	3
9403	213549	196618	7	2	26	3
9717	210617	207077	7	2	11	3
9718	210870	207068	7	2	11	3
10457	217430	198519	7	3	11	3
639	218503	198213	8	2	47	3
1077	218661	198770	8	2	11	3
1959	217985	197987	8	2	38	3
1964	219017	198882	8	3	11	3
1965	219042	198924	8	3	11	3
1966	218666	198697	8	2	38	3
1967	218005	198226	8	2	11	3
1968	218009	198087	8	2	11	3
3565	78199	197378	8	2	32	1
4516	217658	197918	8	2	47	3
5085	238698	180067	8	2	11	3
5110	194794	225553	8	2	10	3
5450	223773	188744	8	2	11	3
5451	223696	188700	8	2	47	3
6090	218953	198767	8	2	11	3
6757	238731	180135	8	2	11	3
7678	218173	198211	8	2	11	3
7680	238289	181160	8	2	11	3
7682	238238	181167	8	2	11	3
8851	218005	198167	8	2	11	3
10360	195699	225513	8	2	10	3
10443	195985	225586	8	2	10	3
90	188748	188432	9	2	26	3
1346	71484	208585	9	2	32	8
1423	204149	170541	9	1	12	11
2099	238487	210352	9	2	38	3
2750	184484	179524	9	1	9	11
3683	184389	208910	9	2	8	3
3995	178489	188854	9	2	35	1
4352	185620	180025	9	1	9	11
5038	243197	207547	9	2	11	3
5039	243156	207526	9	2	11	3
5103	204077	170458	9	1	12	11
5141	184350	190872	9	2	26	1
5148	184509	190084	9	2	26	1
5341	242737	208346	9	2	11	3
5350	243155	207525	9	2	11	3
5524	185313	194925	9	2	26	3
5527	185299	194984	9	2	26	3
5528	185259	195103	9	2	26	3
5728	77887	196548	9	2	41	1
6256	188761	188390	9	2	26	3
6484	178319	188837	9	2	35	1
6921	84244	213841	9	2	7	8
8305	56683	196406	9	2	2	1
8306	56681	196402	9	2	2	1
8400	242307	202672	9	2	11	3
8421	243752	202773	9	2	11	3
8568	56690	196380	9	2	2	1
9135	129856	214960	9	2	45	9
10025	174985	213227	9	2	8	3
10026	175045	213214	9	2	8	3
10027	175092	213210	9	2	8	3
10028	175120	213209	9	2	8	3
10030	175315	213043	9	2	8	3
10033	175532	213189	9	2	8	3
10035	175357	212916	9	2	8	3
10039	175526	211989	9	2	8	3
10372	145842	204313	9	1	33	9
10606	166916	165983	9	1	17	11
10607	166954	165960	9	1	17	11
2	109770	185010	10	2	30	7
5	126758	179593	10	1	30	12
13	103397	166083	10	1	30	12
23	99330	172638	10	2	22	8
24	99362	172612	10	2	22	8
55	99282	172685	10	2	22	8
105	109810	163492	10	1	43	12
106	109730	163542	10	1	30	12
187	178354	180655	10	1	28	7
494	178562	180199	10	1	28	7
495	178707	179625	10	1	28	7
499	177184	180754	10	2	28	7
500	177176	180797	10	2	28	7
522	72661	199044	10	1	2	1
632	99388	172580	10	2	22	8
647	99370	172598	10	2	22	8
766	169049	168137	10	1	23	11
948	128078	167410	10	1	25	12
1022	164955	178160	10	1	28	7
1946	162894	179560	10	1	28	7
2291	164399	160443	10	1	23	11
2608	101924	164018	10	2	30	12
2609	101925	164003	10	2	30	12
2616	134716	179802	10	2	42	7
2617	134715	179793	10	2	42	7
2626	120085	162768	10	2	19	12
2627	120111	162861	10	2	19	12
2628	110057	170953	10	1	43	12
2629	109983	170962	10	1	30	12
2680	183117	169417	10	1	9	11
2682	183164	169359	10	1	12	11
2683	183203	169474	10	1	9	11
2684	183238	169448	10	1	9	11
2685	183260	169415	10	1	12	11
2687	183331	169488	10	1	9	11
2688	183218	169537	10	1	9	11
2689	183313	169446	10	1	9	11
2811	169045	167592	10	1	23	11
2813	168957	166994	10	1	23	11
2817	168864	168173	10	1	23	11
2829	117758	204208	10	2	24	8
2830	117549	204202	10	2	24	8
3123	166595	176767	10	1	23	11
3126	166664	176724	10	1	23	11
3293	170195	171238	10	1	23	11
3316	170716	172051	10	1	23	11
3651	166690	176709	10	1	23	11
4173	177391	180100	10	3	28	7
4396	186062	179975	10	1	9	11
4610	80181	195914	10	1	32	8
4972	165408	210432	10	2	8	1
5017	165348	210294	10	2	8	1
5025	163821	209812	10	2	34	1
5120	183102	169452	10	1	9	11
5282	164364	160542	10	1	23	11
5325	72688	199067	10	1	32	1
5330	72701	199077	10	1	32	1
5331	72708	199083	10	1	32	1
5332	72713	199088	10	1	32	1
5688	164843	178240	10	1	28	7
5975	69908	201835	10	1	32	1
6159	169131	167557	10	1	23	11
6171	183175	169506	10	1	9	11
6172	183348	169465	10	1	9	11
6196	117763	204272	10	2	24	8
6718	72157	208326	10	2	32	8
7272	80175	195887	10	1	32	8
7802	120002	163028	10	2	25	12
9183	127013	179118	10	1	30	12
10605	166813	166073	10	1	23	11
10614	170625	171702	10	1	23	11
4	116473	166514	11	1	30	12
174	215043	197330	11	3	11	3
441	193281	194778	11	3	26	3
615	220570	193403	11	2	11	3
637	220544	193227	11	3	11	3
642	179848	184688	11	3	9	11
646	220497	193374	11	2	11	3
717	202304	191370	11	3	26	3
719	202367	191293	11	3	26	3
1012	195819	204415	11	2	8	3
1487	185221	191291	11	2	26	1
1488	185321	190835	11	2	26	3
1489	185392	190681	11	2	26	3
1571	180942	217539	11	2	8	3
1855	229712	170654	11	1	12	4
2019	202514	192646	11	3	26	3
2051	202523	192645	11	3	26	3
2066	202419	191211	11	2	26	3
2067	202414	191219	11	2	26	3
2605	109744	185010	11	2	30	7
2639	146113	196127	11	2	28	8
2663	194351	225401	11	3	10	3
2718	184684	179817	11	3	9	11
2719	184748	179727	11	3	9	11
2730	184665	179729	11	3	9	11
2737	185082	179687	11	3	9	11
2739	184796	179701	11	3	9	11
2740	184954	179773	11	3	9	11
2742	184659	179894	11	3	9	11
2743	184800	180069	11	1	9	11
2744	185254	179739	11	1	9	11
2745	184433	179737	11	2	9	11
2746	184556	179796	11	3	9	11
2778	169088	167372	11	1	23	11
2866	224142	218611	11	3	11	3
3008	193928	224756	11	3	10	3
3009	193929	224770	11	3	10	3
3188	194075	224935	11	3	10	3
3523	185350	209309	11	2	8	3
3672	185393	209218	11	3	8	3
3675	185467	209045	11	2	8	3
3676	185108	209226	11	3	8	3
3972	251447	206753	11	3	14	2
3973	251778	207076	11	3	14	2
3975	251424	206903	11	3	14	2
3976	251622	206924	11	3	14	2
3977	251602	206951	11	3	14	2
4188	251460	206747	11	3	14	2
4266	179789	184803	11	3	9	11
4278	179624	184508	11	3	9	11
4279	179661	184551	11	3	9	11
4281	179632	184710	11	3	9	11
4282	179633	184781	11	3	9	11
4283	179680	184925	11	3	9	11
4285	179901	184712	11	3	9	11
4286	179869	184769	11	3	9	11
4289	179671	184860	11	3	9	11
4296	179973	184824	11	3	9	11
4301	179935	184632	11	3	9	11
4302	179752	184710	11	3	9	11
4303	179628	184648	11	3	9	11
4304	179646	184897	11	1	9	11
4336	184762	179593	11	1	9	11
4337	184653	179889	11	3	9	11
4356	184703	179924	11	3	9	11
4357	184707	179919	11	3	9	11
4358	184713	179911	11	3	9	11
4359	184720	179901	11	3	9	11
4360	184967	179674	11	3	9	11
4361	184957	179672	11	3	9	11
4362	184946	179669	11	3	9	11
4363	184631	179641	11	3	9	11
4364	184639	179637	11	3	9	11
4365	184975	179673	11	3	9	11
4366	184889	179894	11	3	9	11
4367	185017	179983	11	1	9	11
4369	184818	179818	11	3	9	11
4378	186153	180129	11	1	9	11
4394	186235	180159	11	1	9	11
4395	186126	180048	11	1	9	11
4506	215043	197320	11	3	11	3
4507	215079	197296	11	3	11	3
4508	215408	197476	11	3	11	3
4509	215405	197491	11	3	11	3
4528	217366	198546	11	3	11	3
4549	216785	198435	11	3	11	3
4553	217184	198435	11	3	11	3
4555	216586	198332	11	3	11	3
4559	216668	198353	11	3	11	3
4560	216690	198323	11	3	11	3
4561	216704	198287	11	3	11	3
4562	216717	198251	11	3	11	3
4928	215411	197466	11	3	11	3
5082	184484	208811	11	2	8	3
5650	194359	225417	11	3	10	3
5765	251724	207126	11	3	14	2
5958	193300	194752	11	3	26	3
6117	179741	184948	11	3	9	11
6120	179688	184574	11	3	9	11
6272	185452	209093	11	2	8	3
6555	193271	194588	11	2	26	3
6557	193488	194562	11	2	26	3
6727	251616	207201	11	3	14	2
6732	251608	206952	11	3	14	2
7129	193302	194696	11	2	26	3
7138	193419	194740	11	2	26	3
7139	192332	194448	11	2	26	3
7701	193188	199206	11	2	26	3
8236	194060	224920	11	3	10	3
8270	204860	204187	11	2	8	3
8277	205551	204210	11	2	8	3
8346	237750	193729	11	2	11	3
8353	240525	196690	11	3	11	3
8354	240619	196604	11	2	11	3
8358	236659	191978	11	2	11	3
8359	236581	191994	11	2	11	3
8392	236805	192610	11	2	11	3
8397	243724	202286	11	2	11	3
8486	178548	180340	11	3	28	7
8940	235393	190215	11	2	11	3
8942	234596	189139	11	2	11	3
8943	234362	189108	11	3	11	3
9127	87318	187159	11	2	46	8
9128	87306	187242	11	3	22	8
9136	129704	215106	11	2	33	9
9137	129839	215207	11	2	33	9
9141	129393	214907	11	2	45	8
9279	242726	208048	11	3	11	3
9353	185048	179912	11	1	9	11
9398	186126	180051	11	1	9	11
9466	201002	185549	11	3	26	3
9823	177355	209634	11	2	8	3
10037	175694	212078	11	2	8	3
10188	225067	188690	11	3	11	3
10189	225211	188652	11	3	11	3
10394	224590	206206	11	3	11	3
10396	224438	206281	11	3	11	3
10397	224501	206266	11	3	11	3
10439	195298	225330	11	2	10	3
10440	195257	225422	11	3	10	3
10632	251721	207299	11	3	14	2
199	129060	176759	12	2	25	12
205	128519	176887	12	1	25	12
311	221073	193478	12	2	11	3
924	137470	173498	12	1	25	12
927	137668	173499	12	1	25	12
928	137710	173516	12	1	25	12
2597	146468	206569	12	1	33	9
2598	146154	205790	12	1	33	9
2600	145999	203320	12	1	33	9
2605	109744	185010	12	2	30	7
2625	120097	165667	12	1	25	12
2637	134432	192355	12	1	44	9
2681	183133	169386	12	1	9	11
2702	146175	205889	12	1	33	9
2704	146147	205783	12	1	33	9
2706	145422	203749	12	1	33	9
2708	146263	203625	12	1	33	9
2709	145400	203581	12	1	33	9
2710	145851	203487	12	1	33	9
2721	145775	203194	12	1	33	9
2741	185080	179835	12	1	9	11
2943	146706	206789	12	1	33	9
2945	146458	206571	12	1	33	9
2946	146643	206502	12	1	33	9
2948	146432	206328	12	1	33	9
2953	145839	203490	12	1	33	9
2972	146883	204763	12	1	33	9
3020	123945	205557	12	2	24	8
3122	167135	177145	12	1	23	11
3124	166621	176753	12	1	23	11
3125	166641	176739	12	1	23	11
3127	166715	176693	12	1	23	11
3793	164585	178370	12	1	28	7
3962	252019	207209	12	3	14	2
4358	184713	179911	12	3	9	11
4448	128274	176860	12	1	25	12
4451	128872	176721	12	1	25	12
4467	229792	202062	12	2	11	3
5174	85774	185966	12	1	22	8
5357	230678	203741	12	3	11	3
6131	251631	206054	12	2	14	2
6165	119819	165933	12	2	25	12
6177	238700	210941	12	3	11	3
6221	137755	173562	12	1	25	12
6267	146863	204778	12	1	33	9
6270	145776	203198	12	1	33	9
6276	145551	203320	12	1	33	9
6278	145518	203162	12	1	33	9
6280	145516	202821	12	1	33	9
6282	145624	203328	12	1	33	9
6315	145965	203970	12	1	33	9
6710	128290	177145	12	1	25	12
6964	134207	193027	12	1	28	9
6966	135142	193040	12	1	28	9
6967	135141	193047	12	1	28	9
6968	135161	193053	12	1	24	9
7213	71261	203259	12	2	32	8
8269	206720	204096	12	3	8	3
8422	243697	202605	12	2	11	3
8844	145984	204655	12	1	33	9
9321	145808	203052	12	1	33	9
9325	145776	203651	12	1	33	9
9355	230661	203698	12	3	11	3
9850	193486	201836	12	3	26	3
10777	145929	203199	12	1	33	9
188	215831	198356	13	2	38	3
638	218653	198855	13	3	11	3
641	179763	184526	13	3	9	11
2715	184496	179594	13	1	9	11
2716	184569	179674	13	1	9	11
2717	184642	179758	13	3	9	11
2722	184817	179642	13	3	9	11
2723	184892	179559	13	3	9	11
2724	184933	179506	13	2	4	11
2727	184765	179592	13	1	9	11
2729	184647	179635	13	3	9	11
2732	185104	179559	13	3	9	11
2733	185193	179582	13	1	9	11
2734	185270	179614	13	1	9	11
2735	184895	179586	13	3	9	11
2736	184955	179638	13	3	9	11
2749	184637	179534	13	1	9	11
3015	195010	225311	13	3	10	3
3191	194787	225466	13	3	10	3
4284	180022	184742	13	3	9	11
4370	185266	179615	13	1	9	11
4380	186168	179970	13	1	9	11
4381	186194	179974	13	1	9	11
4382	186129	179971	13	1	9	11
4977	204751	219941	13	3	11	3
4994	238913	181365	13	2	47	3
5108	194228	224644	13	3	10	3
5552	238494	179477	13	2	47	3
6105	238493	181113	13	2	11	3
6174	184838	179525	13	1	9	11
7683	195677	225627	13	3	10	3
8141	219295	198794	13	3	11	3
9572	228199	210350	13	2	11	3
10191	224721	188606	13	2	11	3
102	164454	178441	14	1	28	7
104	139864	196932	14	2	28	8
314	94147	169564	14	1	22	8
315	94262	169475	14	1	22	8
420	168181	164052	14	1	23	11
421	168105	164098	14	1	23	11
504	193544	194610	14	2	26	3
645	169713	167288	14	1	23	11
710	202867	192277	14	3	26	3
736	169695	167289	14	1	23	11
749	128773	199480	14	1	24	9
760	169628	167768	14	1	23	11
810	183591	170306	14	1	9	11
845	183657	170242	14	2	6	11
846	183598	170310	14	1	9	11
1529	206015	183433	14	2	12	3
1543	124109	183011	14	2	28	7
2045	202833	192220	14	3	26	3
2126	130620	213655	14	2	33	8
2128	130544	213626	14	2	33	9
2297	167148	162178	14	1	23	11
2676	183043	169367	14	1	9	11
2768	169666	167242	14	1	23	11
2769	169641	167453	14	1	23	11
2785	169683	167310	14	1	23	11
2796	169641	167380	14	1	23	11
2800	169296	166832	14	1	23	11
2832	124884	207274	14	1	24	8
2835	188293	167143	14	1	12	4
2982	188286	187165	14	2	9	11
2996	72946	205593	14	1	32	8
2998	72850	205663	14	1	32	8
3064	64665	212579	14	3	48	9
3077	189436	187381	14	1	9	11
3078	189422	187444	14	1	9	11
3080	189397	187624	14	1	9	11
3105	166683	176923	14	1	23	11
3106	166713	176920	14	1	23	11
3107	166747	176917	14	1	23	11
3108	166763	176916	14	1	23	11
3109	166771	176915	14	1	23	11
3110	166775	176915	14	1	23	11
3112	166778	176915	14	1	23	11
3114	166783	176914	14	1	23	11
3115	166785	176914	14	1	23	11
3117	166797	176912	14	1	23	11
3119	166847	176909	14	1	23	11
3288	170903	171624	14	1	23	11
3700	139866	197010	14	2	28	8
3707	196343	183293	14	1	9	11
3776	205973	183917	14	1	12	3
3911	193193	189388	14	1	26	3
3917	192366	188433	14	1	26	3
3952	192752	188826	14	1	26	3
4261	179682	184696	14	3	9	11
4280	179839	184848	14	3	9	11
4376	186123	180124	14	1	9	11
4377	186136	180126	14	1	9	11
4387	186118	180123	14	1	9	11
4388	186106	180123	14	1	9	11
4483	189968	189008	14	1	26	3
4511	216880	198160	14	2	11	3
4514	214420	196849	14	3	26	3
4540	217058	198439	14	3	11	3
4545	216969	198254	14	3	11	3
4548	216851	198162	14	2	11	3
4586	188383	167026	14	1	12	4
4997	139861	197002	14	2	28	8
5118	183021	169399	14	1	9	11
5140	184339	190794	14	2	26	1
5156	218517	198651	14	2	38	3
5160	169055	166957	14	1	23	11
5161	218447	198865	14	2	11	3
5214	104839	163918	14	2	43	12
5473	212972	193186	14	3	26	3
5474	212987	193133	14	2	26	3
5530	184742	194312	14	2	26	3
5554	238036	179497	14	2	11	3
5566	63962	212849	14	3	48	9
5656	208142	190258	14	3	26	3
5695	216814	198362	14	3	11	3
6151	189037	187436	14	2	4	11
6154	139863	196974	14	2	28	8
6155	196525	183334	14	1	9	11
6867	188361	167063	14	1	12	4
6868	188307	167120	14	1	12	4
7032	37489	163190	14	1	5	12
7688	188334	167148	14	1	12	4
7747	231032	204357	14	2	11	3
7960	90112	188135	14	1	22	8
7966	208201	190059	14	2	26	3
8022	169145	166917	14	1	23	11
8140	219278	198614	14	2	38	3
8258	193360	194613	14	2	26	3
8293	184842	208988	14	2	8	3
8878	168800	207761	14	3	8	3
8926	205749	204186	14	3	8	3
8928	206468	204256	14	2	8	3
9113	90145	188051	14	1	22	8
9114	90138	188066	14	1	22	8
9115	90128	188090	14	1	22	8
9116	90119	188111	14	1	22	8
9117	90114	188136	14	1	22	8
9119	88961	187429	14	2	22	8
9120	88961	187431	14	2	22	8
9121	88960	187435	14	1	22	8
9122	88964	187459	14	1	22	8
9123	88967	187491	14	3	22	8
9125	88969	187522	14	3	22	8
9126	88970	187555	14	2	22	8
9143	219281	198675	14	2	11	3
9207	75608	208838	14	1	32	8
9397	186087	180120	14	1	9	11
9479	186424	191178	14	2	26	3
9565	169827	169475	14	1	23	11
10515	193243	189381	14	1	26	3
10615	206669	204706	14	2	8	3
236	169525	167847	15	1	23	11
260	169406	167290	15	1	23	11
1945	162825	179849	15	1	28	7
2217	122097	192361	15	1	24	9
2697	168969	177855	15	1	28	7
2965	216540	198110	15	3	11	3
2966	216550	198090	15	3	11	3
3129	166996	177000	15	1	23	11
3186	228863	163834	15	1	12	4
3928	193254	189210	15	1	26	3
3929	193267	189148	15	1	26	3
3930	193275	189111	15	1	26	3
3939	193283	189065	15	1	26	3
3940	193283	189060	15	1	26	3
3947	193260	189185	15	1	26	3
4274	179922	185072	15	3	9	11
4288	179746	184880	15	3	9	11
4298	179936	184958	15	3	9	11
4440	128313	177464	15	1	25	12
4501	216540	198130	15	3	11	3
4510	215402	197511	15	3	11	3
6076	43682	186821	15	1	48	9
6118	179897	185139	15	3	9	11
6119	179811	184928	15	3	9	11
6610	193300	189420	15	3	26	3
6846	163035	180084	15	1	28	7
7685	188296	167169	15	1	12	4
8273	205616	204216	15	2	8	3
8279	207617	204894	15	2	8	3
8913	169742	207807	15	2	8	3
9158	134476	192715	15	1	28	9
9468	200403	185618	15	1	26	3
9612	208455	206286	15	2	8	3
9896	178755	195414	15	1	8	3
9897	178702	195360	15	1	8	3
10513	193285	189085	15	1	26	3
10702	216549	175919	15	1	12	11
10703	216575	175957	15	1	12	11
234	169553	167729	16	1	23	11
319	93933	169221	16	1	22	8
320	93791	168905	16	1	22	8
1944	162656	179483	16	1	28	7
2025	165468	164008	16	1	17	11
2214	122095	192264	16	1	24	9
2498	229917	170400	16	3	12	4
2575	192307	189045	16	1	26	3
2712	145320	203347	16	1	33	9
2771	169858	167945	16	1	23	11
2775	169671	167819	16	1	23	11
2776	169808	167617	16	1	23	11
2792	169768	167645	16	1	23	11
2795	169820	167894	16	1	23	11
2810	169188	167724	16	1	23	11
2898	222789	216198	16	2	11	3
3116	166789	176913	16	1	23	11
3118	166813	176911	16	1	23	11
3120	166967	177044	16	1	23	11
3121	167065	177096	16	1	23	11
3128	166979	177024	16	1	23	11
3326	229928	170390	16	3	12	4
3327	229949	170455	16	3	12	4
3585	169110	164590	16	1	23	11
3705	196341	183299	16	1	9	11
3913	192302	189472	16	1	26	3
3914	192299	189398	16	1	26	3
3925	192297	188970	16	1	26	3
3942	192303	189479	16	1	26	3
3943	192301	189463	16	1	26	3
5226	75560	208941	16	2	7	8
5234	145565	156231	16	2	23	11
5339	242725	208068	16	3	11	3
5606	220514	193309	16	3	11	3
5689	164652	178227	16	1	28	7
5692	136031	161807	16	1	25	12
8883	168979	207603	16	1	8	3
9163	213330	160557	16	1	12	4
9164	213337	160580	16	1	12	4
9166	212809	160368	16	1	12	4
9168	212834	160360	16	1	12	4
9172	213299	160511	16	1	12	4
9459	201744	184514	16	1	26	3
9461	201885	184397	16	1	26	3
9530	170317	170399	16	1	23	11
9636	169708	167893	16	1	23	11
10674	169626	167500	16	1	23	11
17	192278	188526	17	1	26	3
191	135691	218939	17	3	36	9
739	169725	167511	17	1	23	11
813	183863	169934	17	1	9	11
1343	58849	213505	17	1	48	9
1506	229859	202086	17	3	11	3
1749	230608	203730	17	2	11	3
1777	229938	202022	17	3	11	3
1945	162825	179849	17	1	28	7
2571	192282	188686	17	1	26	3
2670	136015	219219	17	2	36	9
2679	183096	169295	17	1	12	11
2797	169705	167400	17	1	23	11
2871	224064	217725	17	2	11	3
2899	222870	216953	17	2	38	3
3075	64322	212011	17	3	48	9
3799	183050	169269	17	1	12	11
3926	192266	188817	17	1	26	3
3945	192279	188744	17	1	26	3
3955	192713	188703	17	1	26	3
5048	229808	202035	17	2	11	3
5049	229849	202009	17	3	11	3
5050	229904	201967	17	3	11	3
5358	231078	204310	17	3	11	3
5359	231093	204330	17	3	11	3
5708	54317	211093	17	1	48	9
6130	252067	207019	17	3	14	2
6232	183871	169922	17	1	9	11
6701	135706	218926	17	2	36	9
6815	38520	165957	17	2	29	12
7684	188317	167154	17	1	12	4
8251	206919	205056	17	2	8	3
8278	207040	205023	17	2	8	3
8348	239688	195995	17	2	11	3
8352	239826	195698	17	2	11	3
8364	244840	202769	17	2	11	3
8831	207624	204645	17	2	8	3
8843	145832	204653	17	1	33	9
8854	146391	203727	17	1	33	9
8876	168713	207822	17	2	8	3
8917	205120	204339	17	3	8	3
8918	205281	204334	17	3	8	3
8919	205513	204333	17	3	8	3
8922	206480	204879	17	2	8	3
9320	145855	202674	17	1	33	9
9354	229890	202069	17	3	11	3
9356	230638	203714	17	3	11	3
9358	230642	203779	17	2	11	3
9462	201500	184684	17	1	26	3
9467	200729	185506	17	3	26	3
9680	169238	167404	17	1	23	11
10661	202679	192578	17	3	26	3
10662	202669	192582	17	3	26	3
10690	133806	214299	17	2	36	9
10779	145448	202168	17	2	33	9
497	177389	180045	18	3	28	7
2048	202826	192361	18	3	26	3
2049	202833	192368	18	3	26	3
3963	251729	206879	18	3	14	2
4443	128419	177285	18	1	25	12
4502	214270	196870	18	3	26	3
4503	214270	196880	18	3	26	3
5629	158521	186074	18	1	28	8
6707	214375	196918	18	3	26	3
6711	122543	205762	18	1	24	8
7276	193145	199376	18	2	26	3
7691	191712	198448	18	2	26	3
7692	191734	198418	18	2	26	3
8282	207566	205767	18	2	8	3
8360	236555	192260	18	2	11	3
8402	242427	202104	18	2	11	3
8922	206480	204879	18	2	8	3
9458	201583	184611	18	1	26	3
9460	202070	184530	18	1	26	3
9469	200417	185367	18	1	26	3
9608	208256	206362	18	2	8	3
9854	193979	203704	18	3	8	3
9855	193923	203793	18	3	8	3
10038	175577	212041	18	2	8	3
10687	133621	214778	18	2	45	8
10688	133619	214794	18	2	45	8
260	169406	167290	19	1	23	11
630	95530	176327	19	1	22	10
2026	166990	166250	19	1	23	11
2686	183301	169517	19	1	9	11
2781	169585	167579	19	1	23	11
2794	169505	167934	19	1	23	11
2806	169307	167493	19	1	23	11
2807	169323	167496	19	1	23	11
2834	188258	167126	19	1	12	4
2836	188285	167096	19	1	12	4
2909	176761	196835	19	2	8	3
2922	194443	174438	19	1	9	11
3181	228829	163963	19	1	12	4
5167	83424	177171	19	1	22	8
5340	242731	208187	19	2	11	3
6070	40782	187033	19	1	48	9
6075	43654	186905	19	1	48	9
6258	184431	190502	19	2	40	1
6588	242726	208108	19	3	11	3
7655	37043	164491	19	1	29	12
8020	169592	167455	19	1	23	11
9191	205587	182975	19	1	12	3
9473	205373	183227	19	1	12	3
10673	169558	167907	19	1	23	11
